位号,数量,参数/型号,KiCad封装,采购与核对要求
J101,1,GCT USB4105-GF-A,SSD:Connector_USB__USB_C_Receptacle_GCT_USB4105-xx-A_16P_TopMnt_Horizontal,GCT USB4105-GF-A；16触点USB-C；制板前核对NPTH到铜间距工艺
F101,1,500mA 保持电流,SSD:Fuse__Fuse_1206_3216Metric,Littelfuse 1206L050YR 或等效；保持电流0.5A；核对温度降额
U101,1,AP2112K-3.3TRG1,SSD:Package_TO_SOT_SMD__SOT-23-5,Diodes AP2112K-3.3TRG1；SOT-25；输出电容核对偏压降容
"C101,C102",2,1u / 10V,SSD:Capacitor_SMD__C_0603_1608Metric,0603英制/1608公制；≥10V；X5R/X7R；10%；核对直流偏压下有效容量
C103,1,4.7u / 10V,SSD:Capacitor_SMD__C_0603_1608Metric,0603英制/1608公制；≥10V；X5R/X7R；10%；核对直流偏压下有效容量
D101,1,USBLC6-2SC6,SSD:Package_TO_SOT_SMD__SOT-23-6,ST USBLC6-2SC6；SOT-23-6；低电容USB ESD
"R101,R102",2,5.1k 1%,SSD:Resistor_SMD__R_0603_1608Metric,0603英制/1608公制；1%；额定功率≥0.1W
SW101,1,启动（BOOT）,SSD:Button_Switch_SMD__SW_SPST_TL3342,TL3342系列对应封装；常开瞬时；核对焊盘与按键高度
"R103,R104,R303,R305",4,10k,SSD:Resistor_SMD__R_0603_1608Metric,0603英制/1608公制；1%；额定功率≥0.1W
SW102,1,复位（RESET）,SSD:Button_Switch_SMD__SW_SPST_TL3342,TL3342系列对应封装；常开瞬时；核对焊盘与按键高度
"C104,C201,C301,C303,C304,C305",6,100n,SSD:Capacitor_SMD__C_0603_1608Metric,0603英制/1608公制；≥10V；X5R/X7R；10%；核对直流偏压下有效容量
J102,1,SWD / 电压参考,SSD:Connector_PinHeader_2.54mm__PinHeader_1x05_P2.54mm_Vertical,2.54mm直插1×5排针；3V3参考/SWDIO/GND/SWCLK/NRST
U201,1,HT16K33 / SOP28,SSD:Package_SO__SOIC-28W_7.5x17.9mm_P1.27mm,Holtek HT16K33，28脚SOP，依据Rev1.10；不要买20/24脚版本
DS201,1,5858-1DRWB-10,SSD:ALS5858_1DRWB_10,原文档5858-1DRWB-10；排距35.08mm/针距2.54mm；孔径和正面方向待实物确认；A2焊盘1.8mm、钻孔1.0mm，孔径待实物核对
"R201,R202,R203,R204,R205,R206,R207,R208,R209,R210",10,330R,SSD:Resistor_SMD__R_0603_1608Metric,0603英制/1608公制；1%；额定功率≥0.1W
"Q201,Q202",2,BSS138,SSD:Package_TO_SOT_SMD__SOT-23,BSS138；SOT-23；1=G、2=S、3=D
"R211,R212,R213,R214,R304",5,4.7k,SSD:Resistor_SMD__R_0603_1608Metric,0603英制/1608公制；1%；额定功率≥0.1W
C202,1,2.2u / 10V,SSD:Capacitor_SMD__C_0603_1608Metric,0603英制/1608公制；≥10V；X5R/X7R；10%；核对直流偏压下有效容量
J301,1,NTC 接口 / XH 2.50mm,SSD:Connector_JST__JST_XH_B2B-XH-A_1x02_P2.50mm_Vertical,JST B2B-XH-A，2.50mm；须核对供应商XHB线束配套
R301,1,49.9k 0.1%,SSD:Resistor_SMD__R_0603_1608Metric,0603英制/1608公制；0.1%精密、低温漂、额定功率≥0.1W
R302,1,1k,SSD:Resistor_SMD__R_0603_1608Metric,0603英制/1608公制；1%；额定功率≥0.1W
D301,1,BAV199,SSD:Package_TO_SOT_SMD__SOT-23,Nexperia BAV199；1=A1，2=K2，3=K1/A2；不要按其他双二极管脚号替换
J302,1,BTL-004A / XH 2.50mm,SSD:Connector_JST__JST_XH_B3B-XH-A_1x03_P2.50mm_Vertical,JST B3B-XH-A，2.50mm；须核对红/黄/白针序及插壳
C302,1,1n,SSD:Capacitor_SMD__C_0603_1608Metric,0603英制/1608公制；≥10V；C0G或X7R；5%
U301,1,SN74LVC1G17DCKR,SSD:Package_TO_SOT_SMD__SOT-353_SC-70-5,TI SN74LVC1G17DCKR；SC70-5；3.3V供电、5.5V容许输入
SW301,1,单位切换,SSD:Button_Switch_SMD__SW_SPST_TL3342,TL3342系列对应封装；常开瞬时；核对焊盘与按键高度
U401,1,STM32C562CET6,SSD:STM32C562CET6_LQFP48_ST,ST STM32C562CET6；512KB闪存/128KB SRAM；LQFP48，本体7×7mm、脚距0.5mm；焊盘按DS14927图42：1.20×0.30mm
"C401,C402,C403",3,100n,SSD:Capacitor_SMD__C_0603_1608Metric,0603英制/1608公制；≥10V；X5R/X7R；10%；分别靠近U401的24/36/48脚；核对偏压下有效容量
C404,1,4.7u / 10V,SSD:Capacitor_SMD__C_0603_1608Metric,0603英制/1608公制；≥10V；X5R/X7R；10%；MCU总去耦；核对偏压下有效容量
C405,1,2.2u / 10V,SSD:Capacitor_SMD__C_0603_1608Metric,0603英制/1608公制；≥10V；X5R/X7R；3MHz时ESR＜20mΩ，采购须核对阻抗曲线；仅用于VCAP，靠近U401-22
C406,1,100n,SSD:Capacitor_SMD__C_0603_1608Metric,0603英制/1608公制；≥10V；X5R/X7R；10%；VREF旁路，靠近U401的9/8脚；核对偏压下有效容量
Y401,1,24MHz / CL=10pF,SSD:Abracon_ABM8_3.2x2.5mm,Abracon ABM8-24.000MHZ-10-D2Y-T；基频、CL10pF、ESR≤50Ω、C0≤3pF、驱动≤100uW；-40～85℃；1/3晶体端、2/4接地
R401,1,0R,SSD:Resistor_SMD__R_0603_1608Metric,0603英制/1608公制；OSC_OUT串联调试位，初装0Ω；按实际晶振驱动功率调整
"C407,C408",2,12p / C0G,SSD:Capacitor_SMD__C_0603_1608Metric,0603英制/1608公制；C0G；≥25V；建议±0.5pF；HSE负载电容初值12pF，最终按实际杂散和频偏校准
